{"cameraMode":{"drawMode":0,"name":"Shaded","section":"Shading Mode"},"sceneLighting":false,"audioPlay":false,"sceneViewState":{"showFog":true,"showMaterialUpdate":false,"showSkybox":false,"showFlares":true,"showImageEffects":true,"showParticleSystems":true},"in2DMode":false,"pivot":{"x":-3.921719551086426,"y":-2.3790688514709474,"z":-2.6172869205474855},"rotation":{"x":-0.17511823773384095,"y":0.6170833706855774,"z":-0.14338593184947968,"w":-0.7536473870277405},"size":4.466025352478027,"orthographic":false}